crop_id,status,gt_text,raw_text,filtered_text,dropped,gt_len,edits,cer,cer_pct
page_0_b1,ok,全世界累計出荷本数１００万本突破の大人気サイコロジカルホラー、竜騎士０７描き下ろしの「新たなエンディング」でコミカライズ！,"全世界累計出荷本数
100万本突破の
気サイコロジカルホラ
描き下ろし
m
デ","全世界累計出荷本数
100万本突破の
気サイコロジカルホラ
描き下ろし
m
デ
",,61,31,0.508197,50.82
page_0_b2,ok,美しいがゆえに、おぞましい。,")
美しいがゆえに、
おぞましい。",")
美しいがゆえに、
おぞましい。
",,14,1,0.071429,7.14
page_1_b1,ok,痛い…,"いた
痛い…","痛い…
",い | た\n,3,0,0.000000,0.00
page_1_b2,ok,誰か…,誰か…,"誰か…
",,3,0,0.000000,0.00
page_1_b3,ok,止めてくれ,止めてくれ,"止めてくれ
",,5,0,0.000000,0.00
page_1_b4,ok,雛子…,"ひなこ
雛子･･･","雛子･･･
",ひなこ\n,3,3,1.000000,100.00
page_3_b1,ok,狐に噛まれたんだ,"狐に
噛か 狐 2
噛まれたんだ","狐に
噛狐 噛まれたんだ
",か  | 2\n,8,2,0.250000,25.00
page_3_b2,ok,だいじょうぶ？,だいじょうぶ?,"だいじょうぶ?
",,7,1,0.142857,14.29
page_3_b3,ok,ありがとう…でも…,"ありがとう...
でも...","ありがとう...
でも...
",,9,6,0.666667,66.67
page_4_b1,ok,ぼ、ぼくは、ことゆきっていいます！,"ぼ、ぼくは、
ことゆきって
いいます!","ぼ、ぼくは、
ことゆきって
いいます!
",,17,1,0.058824,5.88
page_4_b2,ok,君は――,"きみ
君は","君は
",きみ\n,4,2,0.500000,50.00
page_4_b3,ok,私の名前は,"私た
なまえ
私の名前は","私た
私の名前は
",なまえ\n,5,2,0.400000,40.00
page_4_b4,ok,雛子！,"ひなこ
雛子!","雛子!
",ひなこ\n,3,1,0.333333,33.33
page_5_b1,ok,親に向かって、その言い草は何だぁ！,"おや
なん
親に向かって、
ぐさ
その言い草は
何だあ!","親に向かって、
その言い草は
何だあ!
",おや\n | なん\n | ぐ | さ\n,17,2,0.117647,11.76
page_5_b2,ok,そんなにお母さんの作るご飯が気にくわないなら、,"そんなに
かあ
はん
お母さんの作るご飯が
気にくわないなら、","そんなに
お母さんの作るご飯が
気にくわないなら、
",かあ\n | はん\n,23,0,0.000000,0.00
page_5_b3,ok,食べなきゃいいでしょ,"食べなきゃ
いいでしょ
よや","食べなきゃ
いいでしょ
よや
",,10,2,0.200000,20.00
page_5_b4,ok,なんだと……もういっぺん言ってみろ！,"なんだと......
もういっぺん
言ってみろ!","なんだと......
もういっぺん
言ってみろ!
",,18,7,0.388889,38.89
page_6.1_b1,ok,ひどいことを言われて、,"一言いひ
わど
れい
こことを
3-2","一言いひ
わど
れい
とを
3-2
",ここ,11,11,1.000000,100.00
page_6.1_b2,ok,なんでへらへら笑っていられるの？,"なんでへらへら
笑っていられるの?","なんでへらへら
笑っていられるの?
",,16,1,0.062500,6.25
page_6.1_b3,ok,雛子,"ひなこ
雛子","雛子
",ひなこ\n,2,0,0.000000,0.00
page_6.b1,ok,お母さん、,"かあ
お母さ","お母さ
",かあ\n,5,2,0.400000,40.00
page_6_b2,ok,こんな人にご飯なんて作らなくっていいよ,"ひと
こんな人に
はん
ご飯なんて
作らなくって
いいよ","こんな人に
ご飯なんて
作らなくって
いいよ
",ひと\n | はん\n,19,0,0.000000,0.00
page_6_b3,ok,雛子、やめて。お父さんにそんな言い方しないで,"ひなこ
言いお
雛子、やめて。
とう
お父さんにそんな
かた
言い方しないで","言いお
雛子、やめて。
お父さんにそんな
言い方しないで
",ひなこ\n | とう\n | かた\n,22,3,0.136364,13.64
page_6_b4,ok,お母さんもお母さんだ,"かあ
お母さんも
おーお
かあ
お母さんだ","お母さんも
おーお
お母さんだ
",かあ\n | かあ\n,10,3,0.300000,30.00
page_6_b5,ok,こんなひどいことされて、,"こんなひどい
ことされて、","こんなひどい
ことされて、
",,12,0,0.000000,0.00
page_7_b1,ok,お父さんに、謝りなさい,"謝
とう
お父さんに、
謝りなさい","謝
お父さんに、
謝りなさい
",とう\n,11,1,0.090909,9.09
page_7_b2,ok,……どうして,どうして,"どうして
",,6,2,0.333333,33.33
page_7_b3,ok,…もうすぐ、大切な日なんだから,"たいせつ
・もうすぐ、
大切な日なんだから","・もうすぐ、
大切な日なんだから
",たいせつ\n,15,1,0.066667,6.67
page_7_b4,ok,私、お母さんみたいになりたくない,"わたし
かあ
お母さん
みたいに
なりたくない","お母さん
みたいに
なりたくない
",わたし\n | かあ\n,16,2,0.125000,12.50
page_8_b1,ok,どこ行くの？,"どこ行くの
?","どこ行くの
?
",,6,1,0.166667,16.67
page_8_b2,ok,こっち通るの珍しいね,"めずら
とお
こっち通るの
珍しいね","こっち通るの
珍しいね
",めずら\n | とお\n,10,0,0.000000,0.00
page_8_b3,ok,咲子！,"さくこ
咲子!","咲子!
",さくこ\n,3,1,0.333333,33.33
page_8_b4,ok,千鶴屋？,"づるや
千鶴屋の
?","千鶴屋の
?
",づるや\n,4,2,0.500000,50.00
page_8_b5,ok,うん…誰かと喋りたくて,"うん…..
だれ
誰かと
しゃべ
喋りたくて","うん…..
誰かと
喋りたくて
",だれ\n | しゃべ\n,11,2,0.181818,18.18
page_9_b1,ok,私も後から行くね,"わたし
あと
私も後から
行くね","私も後から
行くね
",わたし\n | あと\n,8,0,0.000000,0.00
page_9_b2,ok,……うんじゃあ,"じゃあ
ん","じゃあ
ん
",,7,5,0.714286,71.43
page_9_b3,ok,裏切り者,"もの
裏切り者","裏切り者
",もの\n,4,0,0.000000,0.00
page_9_b4,ok,咲子――五十嵐咲子,"さくこ
咲子
いがらしさくこ
五十嵐咲子","咲子
五十嵐咲子
",さくこ\n | いがらし | さくこ\n,9,2,0.222222,22.22
page_9_b5,ok,昔から、「ずっと一緒」と私のことをそれなりに好きでいてくれている…はず。,"むかし
たし
いっしょ
昔から、「ずっと一緒」と
私のことをそれなりに
好きでいてくれている
...はず。","昔から、「ずっと一緒」と
私のことをそれなりに
好きでいてくれている
...はず。
",むかし\n | たし\n | いっしょ\n,36,3,0.083333,8.33
page_9_b6,ok,だが…なぜか私のことを「裏切り者」と呼ぶ。,"だが･･･
わたし
なぜか私のことを
もの
「裏切り者」と呼ぶ。","だが･･･
なぜか私のことを
「裏切り者」と呼ぶ。
",わたし\n | もの\n,21,3,0.142857,14.29
page_9_b7,ok,少し天然…なのか、人とは違う不思議な部分がある…,"ひと
てんねん
少し天然・・・なのか、
人とは違う不思議
ぶぶん
部分がある...","少し天然・・・なのか、
人とは違う不思議
部分がある...
",ひと\n | てんねん\n | ぶぶん\n,24,7,0.291667,29.17
page_10_b1,ok,よぉ、相棒,よぉ、相棒,"よぉ、相棒
",,5,0,0.000000,0.00
page_10_b2,ok,来てたんだな,"き
来てたんだな","来てたんだな
",き\n,6,0,0.000000,0.00
page_10_b3,ok,宇宙軍団から戎ヶ丘を守らないといけないだろ,"えびす
まも
うちゅうぐんだん
宇宙軍団から
おか
戎ヶ丘を
守らないと
いけないだろ","宇宙軍団から
戎ヶ丘を
守らないと
いけないだろ
",えびす\n | まも\n | うちゅう | ぐんだん\n | お | か\n,21,0,0.000000,0.00
