engine_id,page_id,crop_id,status,gt_text,ocr_text,gt_len,edits,cer,cer_pct,error
mlkit_ja,page_0,page_0_b1,ok,全世界累計出荷本数１００万本突破の大人気サイコロジカルホラー、竜騎士０７描き下ろしの「新たなエンディング」でコミカライズ！,"コロカルホラープ
、栗計出荷本 数",61,54,0.885246,88.52,
mlkit_ja,page_0,page_0_b2,ok,美しいがゆえに、おぞましい。,"おぞ争し
美",14,11,0.785714,78.57,
mlkit_ja,page_1,page_1_b1,ok,痛い…,南い...,3,4,1.333333,133.33,
mlkit_ja,page_1,page_1_b2,ok,誰か…,"だれ
誰か",3,3,1.000000,100.00,
mlkit_ja,page_1,page_1_b3,ok,止めてくれ,上めてくれ,5,1,0.200000,20.00,
mlkit_ja,page_1,page_1_b4,ok,雛子…,ひな リ,3,3,1.000000,100.00,
mlkit_ja,page_3,page_3_b1,ok,狐に噛まれたんだ,"響まれたんだ、
狐に
のつね",8,9,1.125000,112.50,
mlkit_ja,page_3,page_3_b2,ok,だいじょうぶ？,だいじょうぶ?,7,1,0.142857,14.29,
mlkit_ja,page_3,page_3_b3,ok,ありがとう…でも…,"でも...
ありがとう...",9,9,1.000000,100.00,
mlkit_ja,page_4,page_4_b1,ok,ぼ、ぼくは、ことゆきっていいます！,"いいます!.
ことゆきって
ぼ、ほくは、",17,12,0.705882,70.59,
mlkit_ja,page_4,page_4_b2,ok,君は――,"君は,
み",4,2,0.500000,50.00,
mlkit_ja,page_4,page_4_b3,ok,私の名前は,"私の名前は
わたし、
なまえ、",5,8,1.600000,160.00,
mlkit_ja,page_4,page_4_b4,ok,雛子！,"灘子!
ひなリ",3,5,1.666667,166.67,
mlkit_ja,page_5,page_5_b1,ok,親に向かって、その言い草は何だぁ！,"何だあ !
なん
その言い草は
第に向かって、
お",17,15,0.882353,88.24,
mlkit_ja,page_5,page_5_b2,ok,そんなにお母さんの作るご飯が気にくわないなら、,"気にくわないなら
お母きんの作る飯が
はん
そんなに",23,17,0.739130,73.91,
mlkit_ja,page_5,page_5_b3,ok,食べなきゃいいでしょ,"いいでしょ
食べなきや",10,10,1.000000,100.00,
mlkit_ja,page_5,page_5_b4,ok,なんだと……もういっぺん言ってみろ！,"rつてみろ!
もういつべん
なんだと",18,14,0.777778,77.78,
mlkit_ja,page_6.1,page_6.1_b1,ok,ひどいことを言われて、,"恒われて
ことを",11,9,0.818182,81.82,
mlkit_ja,page_6.1,page_6.1_b2,ok,なんでへらへら笑っていられるの？,"笑っていられるの?
わら
なんでへらへら",16,17,1.062500,106.25,
mlkit_ja,page_6.1,page_6.1_b3,ok,雛子,"蓋子
ひなこ",2,4,2.000000,200.00,
mlkit_ja,page_6,page_6.b1,ok,お母さん、,"お母きん、
かあ",5,3,0.600000,60.00,
mlkit_ja,page_6,page_6_b2,ok,こんな人にご飯なんて作らなくっていいよ,"いよ
作らなくって
ご飯なんて
はん
こんな人に",19,16,0.842105,84.21,
mlkit_ja,page_6,page_6_b3,ok,雛子、やめて。お父さんにそんな言い方しないで,"智い方しないで
かた
お父きんにそんな
織子、やめて。
ひなこ",22,20,0.909091,90.91,
mlkit_ja,page_6,page_6_b4,ok,お母さんもお母さんだ,"わ母さんだか
かあ
お母さんも。
かあ",10,9,0.900000,90.00,
mlkit_ja,page_6,page_6_b5,ok,こんなひどいことされて、,"リAされで
なひどい",12,11,0.916667,91.67,
mlkit_ja,page_7,page_7_b1,ok,お父さんに、謝りなさい,"祇りなさい
あやま
お父さんに、
とう",11,13,1.181818,118.18,
mlkit_ja,page_7,page_7_b2,ok,……どうして,どうして,6,2,0.333333,33.33,
mlkit_ja,page_7,page_7_b3,ok,…もうすぐ、大切な日なんだから,"大切な日なんだから
たいせつ
·もうすぐ、",15,16,1.066667,106.67,
mlkit_ja,page_7,page_7_b4,ok,私、お母さんみたいになりたくない,"なみお私き
りた長母
なりたくない
たいさ
くにん",16,14,0.875000,87.50,
mlkit_ja,page_8,page_8_b1,ok,どこ行くの？,どこ行くの?,6,1,0.166667,16.67,
mlkit_ja,page_8,page_8_b2,ok,こっち通るの珍しいね,,10,10,1.000000,100.00,
mlkit_ja,page_8,page_8_b3,ok,咲子！,さくこ,3,3,1.000000,100.00,
mlkit_ja,page_8,page_8_b4,ok,千鶴屋？,ちづるや,4,4,1.000000,100.00,
mlkit_ja,page_8,page_8_b5,ok,うん…誰かと喋りたくて,"Kりたくて
しゃべ
だれ
推かと
うん..",11,16,1.454545,145.45,
mlkit_ja,page_9,page_9_b1,ok,私も後から行くね,"行くね、
私も後から
わたし、",8,8,1.000000,100.00,
mlkit_ja,page_9,page_9_b2,ok,……うんじゃあ,"じゃあ
うん",7,6,0.857143,85.71,
mlkit_ja,page_9,page_9_b3,ok,裏切り者,"うらぎ
裏切り者
もの",4,5,1.250000,125.00,
mlkit_ja,page_9,page_9_b4,ok,咲子――五十嵐咲子,"ー五十属咲子
がらしさくリ
咲子",9,10,1.111111,111.11,
mlkit_ja,page_9,page_9_b5,ok,昔から、「ずっと一緒」と私のことをそれなりに好きでいてくれている…はず。,"はず。
好きでいてくれている
私のことをそれなりに
わたし
昔から、「すっと一緒」と、
かし、
いっしょ",36,36,1.000000,100.00,
mlkit_ja,page_9,page_9_b6,ok,だが…なぜか私のことを「裏切り者」と呼ぶ。,"「裏切り者」と呼ぶ。
うらぎ
もの
だが...
なぜか私のことを
わたし",21,28,1.333333,133.33,
mlkit_ja,page_9,page_9_b7,ok,少し天然…なのか、人とは違う不思議な部分がある…,"部分がある...
人とは違う不思議な
ひと
ちが
ダし天際..なのか、
てんねん
思しの
議か",24,31,1.291667,129.17,
mlkit_ja,page_10,page_10_b1,ok,よぉ、相棒,"よ
棒",5,3,0.600000,60.00,
mlkit_ja,page_10,page_10_b2,ok,来てたんだな,来てたんだな,6,0,0.000000,0.00,
mlkit_ja,page_10,page_10_b3,ok,宇宙軍団から戎ヶ丘を守らないといけないだろ,"いけないだろ
守らないと
だと
まも
えびす
抗ヶ丘を
おか
宇宙軍団から
うちゅうぐん だん",21,33,1.571429,157.14,
cloud_vision,page_0,page_0_b1,ok,全世界累計出荷本数１００万本突破の大人気サイコロジカルホラー、竜騎士０７描き下ろしの「新たなエンディング」でコミカライズ！,"全世界累計出荷本数
100万本突破の
気サイコロジカルホラ
描き下ろし
m
デ",61,31,0.508197,50.82,
cloud_vision,page_0,page_0_b2,ok,美しいがゆえに、おぞましい。,")
美しいがゆえに、
おぞましい。",14,1,0.071429,7.14,
cloud_vision,page_1,page_1_b1,ok,痛い…,"いた
痛い…",3,2,0.666667,66.67,
cloud_vision,page_1,page_1_b2,ok,誰か…,誰か…,3,0,0.000000,0.00,
cloud_vision,page_1,page_1_b3,ok,止めてくれ,止めてくれ,5,0,0.000000,0.00,
cloud_vision,page_1,page_1_b4,ok,雛子…,"ひなこ
雛子･･･",3,6,2.000000,200.00,
cloud_vision,page_3,page_3_b1,ok,狐に噛まれたんだ,"狐に
噛か 狐 2
噛まれたんだ",8,4,0.500000,50.00,
cloud_vision,page_3,page_3_b2,ok,だいじょうぶ？,だいじょうぶ?,7,1,0.142857,14.29,
cloud_vision,page_3,page_3_b3,ok,ありがとう…でも…,"ありがとう...
でも...",9,6,0.666667,66.67,
cloud_vision,page_4,page_4_b1,ok,ぼ、ぼくは、ことゆきっていいます！,"ぼ、ぼくは、
ことゆきって
いいます!",17,1,0.058824,5.88,
cloud_vision,page_4,page_4_b2,ok,君は――,"きみ
君は",4,4,1.000000,100.00,
cloud_vision,page_4,page_4_b3,ok,私の名前は,"私た
なまえ
私の名前は",5,5,1.000000,100.00,
cloud_vision,page_4,page_4_b4,ok,雛子！,"ひなこ
雛子!",3,4,1.333333,133.33,
cloud_vision,page_5,page_5_b1,ok,親に向かって、その言い草は何だぁ！,"おや
なん
親に向かって、
ぐさ
その言い草は
何だあ!",17,8,0.470588,47.06,
cloud_vision,page_5,page_5_b2,ok,そんなにお母さんの作るご飯が気にくわないなら、,"そんなに
かあ
はん
お母さんの作るご飯が
気にくわないなら、",23,4,0.173913,17.39,
cloud_vision,page_5,page_5_b3,ok,食べなきゃいいでしょ,"食べなきゃ
いいでしょ
よや",10,2,0.200000,20.00,
cloud_vision,page_5,page_5_b4,ok,なんだと……もういっぺん言ってみろ！,"なんだと......
もういっぺん
言ってみろ!",18,7,0.388889,38.89,
cloud_vision,page_6.1,page_6.1_b1,ok,ひどいことを言われて、,"一言いひ
わど
れい
こことを
3-2",11,11,1.000000,100.00,
cloud_vision,page_6.1,page_6.1_b2,ok,なんでへらへら笑っていられるの？,"なんでへらへら
笑っていられるの?",16,1,0.062500,6.25,
cloud_vision,page_6.1,page_6.1_b3,ok,雛子,"ひなこ
雛子",2,3,1.500000,150.00,
cloud_vision,page_6,page_6.b1,ok,お母さん、,"かあ
お母さ",5,4,0.800000,80.00,
cloud_vision,page_6,page_6_b2,ok,こんな人にご飯なんて作らなくっていいよ,"ひと
こんな人に
はん
ご飯なんて
作らなくって
いいよ",19,4,0.210526,21.05,
cloud_vision,page_6,page_6_b3,ok,雛子、やめて。お父さんにそんな言い方しないで,"ひなこ
言いお
雛子、やめて。
とう
お父さんにそんな
かた
言い方しないで",22,10,0.454545,45.45,
cloud_vision,page_6,page_6_b4,ok,お母さんもお母さんだ,"かあ
お母さんも
おーお
かあ
お母さんだ",10,7,0.700000,70.00,
cloud_vision,page_6,page_6_b5,ok,こんなひどいことされて、,"こんなひどい
ことされて、",12,0,0.000000,0.00,
cloud_vision,page_7,page_7_b1,ok,お父さんに、謝りなさい,"謝
とう
お父さんに、
謝りなさい",11,3,0.272727,27.27,
cloud_vision,page_7,page_7_b2,ok,……どうして,どうして,6,2,0.333333,33.33,
cloud_vision,page_7,page_7_b3,ok,…もうすぐ、大切な日なんだから,"たいせつ
・もうすぐ、
大切な日なんだから",15,5,0.333333,33.33,
cloud_vision,page_7,page_7_b4,ok,私、お母さんみたいになりたくない,"わたし
かあ
お母さん
みたいに
なりたくない",16,5,0.312500,31.25,
cloud_vision,page_8,page_8_b1,ok,どこ行くの？,"どこ行くの
?",6,1,0.166667,16.67,
cloud_vision,page_8,page_8_b2,ok,こっち通るの珍しいね,"めずら
とお
こっち通るの
珍しいね",10,5,0.500000,50.00,
cloud_vision,page_8,page_8_b3,ok,咲子！,"さくこ
咲子!",3,4,1.333333,133.33,
cloud_vision,page_8,page_8_b4,ok,千鶴屋？,"づるや
千鶴屋の
?",4,5,1.250000,125.00,
cloud_vision,page_8,page_8_b5,ok,うん…誰かと喋りたくて,"うん…..
だれ
誰かと
しゃべ
喋りたくて",11,7,0.636364,63.64,
cloud_vision,page_9,page_9_b1,ok,私も後から行くね,"わたし
あと
私も後から
行くね",8,5,0.625000,62.50,
cloud_vision,page_9,page_9_b2,ok,……うんじゃあ,"じゃあ
ん",7,5,0.714286,71.43,
cloud_vision,page_9,page_9_b3,ok,裏切り者,"もの
裏切り者",4,2,0.500000,50.00,
cloud_vision,page_9,page_9_b4,ok,咲子――五十嵐咲子,"さくこ
咲子
いがらしさくこ
五十嵐咲子",9,10,1.111111,111.11,
cloud_vision,page_9,page_9_b5,ok,昔から、「ずっと一緒」と私のことをそれなりに好きでいてくれている…はず。,"むかし
たし
いっしょ
昔から、「ずっと一緒」と
私のことをそれなりに
好きでいてくれている
...はず。",36,12,0.333333,33.33,
cloud_vision,page_9,page_9_b6,ok,だが…なぜか私のことを「裏切り者」と呼ぶ。,"だが･･･
わたし
なぜか私のことを
もの
「裏切り者」と呼ぶ。",21,8,0.380952,38.10,
cloud_vision,page_9,page_9_b7,ok,少し天然…なのか、人とは違う不思議な部分がある…,"ひと
てんねん
少し天然・・・なのか、
人とは違う不思議
ぶぶん
部分がある...",24,15,0.625000,62.50,
cloud_vision,page_10,page_10_b1,ok,よぉ、相棒,よぉ、相棒,5,0,0.000000,0.00,
cloud_vision,page_10,page_10_b2,ok,来てたんだな,"き
来てたんだな",6,1,0.166667,16.67,
cloud_vision,page_10,page_10_b3,ok,宇宙軍団から戎ヶ丘を守らないといけないだろ,"えびす
まも
うちゅうぐんだん
宇宙軍団から
おか
戎ヶ丘を
守らないと
いけないだろ",21,15,0.714286,71.43,
manga_ocr,page_0,page_0_b1,ok,全世界累計出荷本数１００万本突破の大人気サイコロジカルホラー、竜騎士０７描き下ろしの「新たなエンディング」でコミカライズ！,今年夏葉市出荷末など、１００万ド突破の人ということですが、,61,52,0.852459,85.25,
manga_ocr,page_0,page_0_b2,ok,美しいがゆえに、おぞましい。,美しいがゆえに、おぞましい。,14,0,0.000000,0.00,
manga_ocr,page_1,page_1_b1,ok,痛い…,痛い．．．,3,3,1.000000,100.00,
manga_ocr,page_1,page_1_b2,ok,誰か…,誰か．．．,3,3,1.000000,100.00,
manga_ocr,page_1,page_1_b3,ok,止めてくれ,止めてくれ,5,0,0.000000,0.00,
manga_ocr,page_1,page_1_b4,ok,雛子…,「雛子．．．,3,4,1.333333,133.33,
manga_ocr,page_3,page_3_b1,ok,狐に噛まれたんだ,狐に噛まれたんだ,8,0,0.000000,0.00,
manga_ocr,page_3,page_3_b2,ok,だいじょうぶ？,だいじょうぶ？,7,0,0.000000,0.00,
manga_ocr,page_3,page_3_b3,ok,ありがとう…でも…,ありがとう．．．でも．．．,9,6,0.666667,66.67,
manga_ocr,page_4,page_4_b1,ok,ぼ、ぼくは、ことゆきっていいます！,ぼ、ぼくは、ことゆきっていいます！,17,0,0.000000,0.00,
manga_ocr,page_4,page_4_b2,ok,君は――,君は―――,4,1,0.250000,25.00,
manga_ocr,page_4,page_4_b3,ok,私の名前は,私の名前は,5,0,0.000000,0.00,
manga_ocr,page_4,page_4_b4,ok,雛子！,雛子！,3,0,0.000000,0.00,
manga_ocr,page_5,page_5_b1,ok,親に向かって、その言い草は何だぁ！,親に向かって、その言い草は何だぁ！,17,0,0.000000,0.00,
manga_ocr,page_5,page_5_b2,ok,そんなにお母さんの作るご飯が気にくわないなら、,そんなにお母さんの作るご飯が気にくわないなら、,23,0,0.000000,0.00,
manga_ocr,page_5,page_5_b3,ok,食べなきゃいいでしょ,食べなきゃいいでしょ,10,0,0.000000,0.00,
manga_ocr,page_5,page_5_b4,ok,なんだと……もういっぺん言ってみろ！,なんだと．．．もういっへん言ってみろ！,18,4,0.222222,22.22,
manga_ocr,page_6.1,page_6.1_b1,ok,ひどいことを言われて、,ひどいことを言われて、,11,0,0.000000,0.00,
manga_ocr,page_6.1,page_6.1_b2,ok,なんでへらへら笑っていられるの？,なんでへらへら笑っていられるの？,16,0,0.000000,0.00,
manga_ocr,page_6.1,page_6.1_b3,ok,雛子,．．．雛子,2,3,1.500000,150.00,
manga_ocr,page_6,page_6.b1,ok,お母さん、,しかしお母さん、,5,3,0.600000,60.00,
manga_ocr,page_6,page_6_b2,ok,こんな人にご飯なんて作らなくっていいよ,こんな人にご飯なんて作らなくっていいよ,19,0,0.000000,0.00,
manga_ocr,page_6,page_6_b3,ok,雛子、やめて。お父さんにそんな言い方しないで,雛子、やめて。お父さんにそんな言い方しないで,22,0,0.000000,0.00,
manga_ocr,page_6,page_6_b4,ok,お母さんもお母さんだ,お母さんもお母ちんだ,10,1,0.100000,10.00,
manga_ocr,page_6,page_6_b5,ok,こんなひどいことされて、,こんなひどいことされて、,12,0,0.000000,0.00,
manga_ocr,page_7,page_7_b1,ok,お父さんに、謝りなさい,お父さんに、謝りなさい,11,0,0.000000,0.00,
manga_ocr,page_7,page_7_b2,ok,……どうして,．．．どうして,6,3,0.500000,50.00,
manga_ocr,page_7,page_7_b3,ok,…もうすぐ、大切な日なんだから,．．．もうすぐ、大切な日なんだから,15,3,0.200000,20.00,
manga_ocr,page_7,page_7_b4,ok,私、お母さんみたいになりたくない,私、お母さんみたいになりたくない,16,0,0.000000,0.00,
manga_ocr,page_8,page_8_b1,ok,どこ行くの？,どこ行くの？．．,6,2,0.333333,33.33,
manga_ocr,page_8,page_8_b2,ok,こっち通るの珍しいね,こっち通るの珍しいね,10,0,0.000000,0.00,
manga_ocr,page_8,page_8_b3,ok,咲子！,咲子！,3,0,0.000000,0.00,
manga_ocr,page_8,page_8_b4,ok,千鶴屋？,千鶴屋？,4,0,0.000000,0.00,
manga_ocr,page_8,page_8_b5,ok,うん…誰かと喋りたくて,うん．．．誰かと喋りたくて,11,3,0.272727,27.27,
manga_ocr,page_9,page_9_b1,ok,私も後から行くね,私も後から行くね,8,0,0.000000,0.00,
manga_ocr,page_9,page_9_b2,ok,……うんじゃあ,．．．うんじゃあ,7,3,0.428571,42.86,
manga_ocr,page_9,page_9_b3,ok,裏切り者,裏切り者,4,0,0.000000,0.00,
manga_ocr,page_9,page_9_b4,ok,咲子――五十嵐咲子,咲子ー五十嵐咲子,9,2,0.222222,22.22,
manga_ocr,page_9,page_9_b5,ok,昔から、「ずっと一緒」と私のことをそれなりに好きでいてくれている…はず。,昔から、ずっと一緒と私のことをそれなりに好きでいてくれている．．．はず。,36,5,0.138889,13.89,
manga_ocr,page_9,page_9_b6,ok,だが…なぜか私のことを「裏切り者」と呼ぶ。,だが．．．なぜか私のことを「裏切り者」と呼ぶ。,21,3,0.142857,14.29,
manga_ocr,page_9,page_9_b7,ok,少し天然…なのか、人とは違う不思議な部分がある…,少し天然．．．なのか、人とは違う不思議な部分がある．．．,24,6,0.250000,25.00,
manga_ocr,page_10,page_10_b1,ok,よぉ、相棒,よぉ、相棒,5,0,0.000000,0.00,
manga_ocr,page_10,page_10_b2,ok,来てたんだな,来てたんだな,6,0,0.000000,0.00,
manga_ocr,page_10,page_10_b3,ok,宇宙軍団から戎ヶ丘を守らないといけないだろ,宇宙軍団から戎ヶ丘を守らないといけないだろ,21,0,0.000000,0.00,
